row_id,grammar,lats,K,N,pd,true_pct,src,verbatim,span,N,K,log2K,pd,m_s,fresh,mean_lag,std_lag,max_lag,min_lag,r,m
0,out5_1,"[0, 0, 0, 0, 0, 30]",1,6,3,53.2,spin9-output.txt;spin5-output.txt,"24/144 |    out5_1 | [0, 0, 0, 0, 0, 30] |         1 |       530 |       554 |       510 |       544 |       521 |      53.2 |     16157 |    434533",30,6,1,0.0,3,0.166667,5,5.0,11.18034,30,0,2.0,0.857143
1,out5_1,"[0, 0, 0, 0, 0, 30]",2,6,3,47.4,spin9-output.txt;spin5-output.txt,"24/144 |    out5_1 | [0, 0, 0, 0, 0, 30] |         2 |       497 |       495 |       458 |       414 |       505 |      47.4 |     17232 |    634090",30,6,2,1.0,3,0.166667,5,5.0,11.18034,30,0,2.0,0.857143
2,out5_1,"[0, 0, 0, 0, 0, 30]",4,6,3,66.6,spin9-output.txt,"24/144 |    out5_1 | [0, 0, 0, 0, 0, 30] |         4 |       659 |       666 |       666 |       667 |       672 |      66.6 |     13623 |    352397",30,6,4,2.0,3,0.166667,5,5.0,11.18034,30,0,2.0,0.857143
3,out5_1,"[0, 0, 0, 0, 0, 30]",8,6,3,67.3,spin9-output.txt,"24/144 |    out5_1 | [0, 0, 0, 0, 0, 30] |         8 |       666 |       676 |       673 |       678 |       670 |      67.3 |     13374 |    351848",30,6,8,3.0,3,0.166667,5,5.0,11.18034,30,0,2.0,0.857143
4,m6,"[0, 0, 0, 0, 6, 30]",1,6,3,53.9,spin9-output.txt,"24/144 |        m6 | [0, 0, 0, 0, 6, 30] |         1 |       546 |       543 |       526 |       550 |       532 |      53.9 |     15132 |    385277",30,6,1,0.0,3,0.166667,5,6.0,10.954451,30,0,2.0,0.857143
5,m6,"[0, 0, 0, 0, 6, 30]",2,6,3,50.8,spin9-output.txt,"24/144 |        m6 | [0, 0, 0, 0, 6, 30] |         2 |       547 |       493 |       519 |       469 |       514 |      50.8 |     16425 |    559298",30,6,2,1.0,3,0.166667,5,6.0,10.954451,30,0,2.0,0.857143
6,m6,"[0, 0, 0, 0, 6, 30]",4,6,3,64.5,spin9-output.txt,"24/144 |        m6 | [0, 0, 0, 0, 6, 30] |         4 |       637 |       642 |       650 |       653 |       642 |      64.5 |     13588 |    334714",30,6,4,2.0,3,0.166667,5,6.0,10.954451,30,0,2.0,0.857143
7,m6,"[0, 0, 0, 0, 6, 30]",8,6,3,66.6,spin9-output.txt,"24/144 |        m6 | [0, 0, 0, 0, 6, 30] |         8 |       658 |       670 |       667 |       673 |       662 |      66.6 |     13211 |    331136",30,6,8,3.0,3,0.166667,5,6.0,10.954451,30,0,2.0,0.857143
8,asy3,"[0, 0, 0, 0, 3, 30]",1,6,3,55.7,spin9-output.txt,"24/144 |      asy3 | [0, 0, 0, 0, 3, 30] |         1 |       564 |       562 |       554 |       554 |       552 |      55.7 |     15326 |    388305",30,6,1,0.0,3,0.166667,5,5.5,11.011358,30,0,2.0,0.857143
9,asy3,"[0, 0, 0, 0, 3, 30]",2,6,3,49.8,spin9-output.txt,"24/144 |      asy3 | [0, 0, 0, 0, 3, 30] |         2 |       514 |       510 |       486 |       493 |       488 |      49.8 |     16594 |    573885",30,6,2,1.0,3,0.166667,5,5.5,11.011358,30,0,2.0,0.857143
10,asy3,"[0, 0, 0, 0, 3, 30]",4,6,3,65.2,spin9-output.txt,"24/144 |      asy3 | [0, 0, 0, 0, 3, 30] |         4 |       651 |       649 |       655 |       657 |       648 |      65.2 |     13545 |    341089",30,6,4,2.0,3,0.166667,5,5.5,11.011358,30,0,2.0,0.857143
11,asy3,"[0, 0, 0, 0, 3, 30]",8,6,3,67.1,spin9-output.txt,"24/144 |      asy3 | [0, 0, 0, 0, 3, 30] |         8 |       678 |       673 |       660 |       671 |       671 |      67.1 |     13249 |    338727",30,6,8,3.0,3,0.166667,5,5.5,11.011358,30,0,2.0,0.857143
12,m10,"[0, 0, 0, 0, 10, 30]",1,6,3,53.6,spin9-output.txt,"28/144 |       m10 | [0, 0, 0, 0, 10, 30] |         1 |       532 |       536 |       537 |       542 |       535 |      53.6 |     15159 |    388179",30,6,1,0.0,3,0.194444,4,6.666667,11.055416,30,0,2.0,0.857143
13,m10,"[0, 0, 0, 0, 10, 30]",2,6,3,51.9,spin9-output.txt,"28/144 |       m10 | [0, 0, 0, 0, 10, 30] |         2 |       541 |       517 |       531 |       496 |       508 |      51.9 |     16541 |    530334",30,6,2,1.0,3,0.194444,4,6.666667,11.055416,30,0,2.0,0.857143
14,m10,"[0, 0, 0, 0, 10, 30]",4,6,3,62.4,spin9-output.txt,"28/144 |       m10 | [0, 0, 0, 0, 10, 30] |         4 |       627 |       622 |       620 |       630 |       622 |      62.4 |     14180 |    341180",30,6,4,2.0,3,0.194444,4,6.666667,11.055416,30,0,2.0,0.857143
15,m10,"[0, 0, 0, 0, 10, 30]",8,6,3,65.3,spin9-output.txt,"28/144 |       m10 | [0, 0, 0, 0, 10, 30] |         8 |       647 |       646 |       653 |       661 |       660 |      65.3 |     13687 |    336202",30,6,8,3.0,3,0.194444,4,6.666667,11.055416,30,0,2.0,0.857143
16,d10,"[0, 0, 0, 10, 10, 30]",1,6,3,57.6,spin9-output.txt,"32/144 |       d10 | [0, 0, 0, 10, 10, 30] |         1 |       574 |       576 |       579 |       580 |       569 |      57.6 |     14078 |    345477",30,6,1,0.0,3,0.222222,3,8.333333,10.671874,30,0,2.0,0.857143
17,d10,"[0, 0, 0, 10, 10, 30]",2,6,3,50.8,spin9-output.txt,"32/144 |       d10 | [0, 0, 0, 10, 10, 30] |         2 |       486 |       515 |       532 |       492 |       515 |      50.8 |     15689 |    453076",30,6,2,1.0,3,0.222222,3,8.333333,10.671874,30,0,2.0,0.857143
18,d10,"[0, 0, 0, 10, 10, 30]",4,6,3,50.4,spin9-output.txt,"32/144 |       d10 | [0, 0, 0, 10, 10, 30] |         4 |       511 |       504 |       495 |       504 |       504 |      50.4 |     13693 |    319114",30,6,4,2.0,3,0.222222,3,8.333333,10.671874,30,0,2.0,0.857143
19,d10,"[0, 0, 0, 10, 10, 30]",8,6,3,54.1,spin9-output.txt,"32/144 |       d10 | [0, 0, 0, 10, 10, 30] |         8 |       533 |       543 |       542 |       551 |       535 |      54.1 |     13258 |    313802",30,6,8,3.0,3,0.222222,3,8.333333,10.671874,30,0,2.0,0.857143
20,m15,"[0, 0, 0, 0, 15, 30]",1,6,3,51.9,spin9-output.txt,"33/144 |       m15 | [0, 0, 0, 0, 15, 30] |         1 |       520 |       521 |       514 |       518 |       522 |      51.9 |     15926 |    435479",30,6,1,0.0,3,0.229167,4,7.5,11.456439,30,0,2.0,0.857143
21,m15,"[0, 0, 0, 0, 15, 30]",2,6,3,49.7,spin9-output.txt,"33/144 |       m15 | [0, 0, 0, 0, 15, 30] |         2 |       501 |       518 |       516 |       470 |       478 |      49.7 |     17265 |    597047",30,6,2,1.0,3,0.229167,4,7.5,11.456439,30,0,2.0,0.857143
22,m15,"[0, 0, 0, 0, 15, 30]",4,6,3,57.6,spin9-output.txt,"33/144 |       m15 | [0, 0, 0, 0, 15, 30] |         4 |       575 |       571 |       573 |       584 |       575 |      57.6 |     15737 |    378006",30,6,4,2.0,3,0.229167,4,7.5,11.456439,30,0,2.0,0.857143
23,m15,"[0, 0, 0, 0, 15, 30]",8,6,3,60.3,spin9-output.txt,"33/144 |       m15 | [0, 0, 0, 0, 15, 30] |         8 |       599 |       600 |       602 |       608 |       604 |      60.3 |     15389 |    375855",30,6,8,3.0,3,0.229167,4,7.5,11.456439,30,0,2.0,0.857143
24,m20,"[0, 0, 0, 0, 20, 30]",1,6,3,51.6,spin9-output.txt,"38/144 |       m20 | [0, 0, 0, 0, 20, 30] |         1 |       517 |       525 |       514 |       511 |       514 |      51.6 |     15990 |    467945",30,6,1,0.0,3,0.263889,4,8.333333,12.133516,30,0,2.0,0.857143
25,m20,"[0, 0, 0, 0, 20, 30]",2,6,3,53.2,spin9-output.txt,"38/144 |       m20 | [0, 0, 0, 0, 20, 30] |         2 |       562 |       536 |       539 |       520 |       501 |      53.2 |     16551 |    607378",30,6,2,1.0,3,0.263889,4,8.333333,12.133516,30,0,2.0,0.857143
26,m20,"[0, 0, 0, 0, 20, 30]",4,6,3,53.9,spin9-output.txt,"38/144 |       m20 | [0, 0, 0, 0, 20, 30] |         4 |       535 |       539 |       542 |       539 |       542 |      53.9 |     17215 |    422426",30,6,4,2.0,3,0.263889,4,8.333333,12.133516,30,0,2.0,0.857143
27,m20,"[0, 0, 0, 0, 20, 30]",8,6,3,55.4,spin9-output.txt,"38/144 |       m20 | [0, 0, 0, 0, 20, 30] |         8 |       552 |       548 |       558 |       560 |       554 |      55.4 |     16911 |    419273",30,6,8,3.0,3,0.263889,4,8.333333,12.133516,30,0,2.0,0.857143
28,m24,"[0, 0, 0, 0, 24, 30]",1,6,3,50.0,spin9-output.txt,"42/144 |       m24 | [0, 0, 0, 0, 24, 30] |         1 |       504 |       505 |       494 |       504 |       494 |      50.0 |     16616 |    509310",30,6,1,0.0,3,0.291667,4,9.0,12.845233,30,0,2.0,0.857143
29,m24,"[0, 0, 0, 0, 24, 30]",2,6,3,54.1,spin9-output.txt,"42/144 |       m24 | [0, 0, 0, 0, 24, 30] |         2 |       513 |       563 |       560 |       502 |       569 |      54.1 |     15943 |    650564",30,6,2,1.0,3,0.291667,4,9.0,12.845233,30,0,2.0,0.857143
30,m24,"[0, 0, 0, 0, 24, 30]",4,6,3,50.1,spin9-output.txt,"42/144 |       m24 | [0, 0, 0, 0, 24, 30] |         4 |       502 |       504 |       499 |       507 |       495 |      50.1 |     18280 |    458367",30,6,4,2.0,3,0.291667,4,9.0,12.845233,30,0,2.0,0.857143
31,m24,"[0, 0, 0, 0, 24, 30]",8,6,3,52.6,spin9-output.txt,"42/144 |       m24 | [0, 0, 0, 0, 24, 30] |         8 |       521 |       520 |       538 |       535 |       515 |      52.6 |     17903 |    454992",30,6,8,3.0,3,0.291667,4,9.0,12.845233,30,0,2.0,0.857143
32,d15,"[0, 0, 0, 15, 15, 30]",1,6,3,54.0,spin9-output.txt,"42/144 |       d15 | [0, 0, 0, 15, 15, 30] |         1 |       538 |       535 |       547 |       539 |       540 |      54.0 |     15805 |    419397",30,6,1,0.0,3,0.291667,3,10.0,11.18034,30,0,2.0,0.857143
33,d15,"[0, 0, 0, 15, 15, 30]",2,6,3,41.7,spin9-output.txt,"42/144 |       d15 | [0, 0, 0, 15, 15, 30] |         2 |       406 |       428 |       428 |       417 |       405 |      41.7 |     17968 |    578442",30,6,2,1.0,3,0.291667,3,10.0,11.18034,30,0,2.0,0.857143
34,d15,"[0, 0, 0, 15, 15, 30]",4,6,3,45.3,spin9-output.txt,"42/144 |       d15 | [0, 0, 0, 15, 15, 30] |         4 |       457 |       444 |       459 |       454 |       450 |      45.3 |     15867 |    373815",30,6,4,2.0,3,0.291667,3,10.0,11.18034,30,0,2.0,0.857143
35,d15,"[0, 0, 0, 15, 15, 30]",8,6,3,44.6,spin9-output.txt,"42/144 |       d15 | [0, 0, 0, 15, 15, 30] |         8 |       452 |       447 |       436 |       446 |       449 |      44.6 |     15833 |    377273",30,6,8,3.0,3,0.291667,3,10.0,11.18034,30,0,2.0,0.857143
36,g2,"[0, 4, 8, 12, 16, 30]",1,6,3,20.2,spin9-output.txt,"42/144 |        g2 | [0, 4, 8, 12, 16, 30] |         1 |       198 |       201 |       203 |       204 |       204 |      20.2 |     12971 |    302010",30,6,1,0.0,3,0.291667,2,11.666667,9.689628,30,0,2.0,0.857143
37,g2,"[0, 4, 8, 12, 16, 30]",2,6,3,35.8,spin9-output.txt,"42/144 |        g2 | [0, 4, 8, 12, 16, 30] |         2 |       366 |       332 |       355 |       372 |       365 |      35.8 |     14156 |    351843",30,6,2,1.0,3,0.291667,2,11.666667,9.689628,30,0,2.0,0.857143
38,g2,"[0, 4, 8, 12, 16, 30]",4,6,3,20.6,spin9-output.txt,"42/144 |        g2 | [0, 4, 8, 12, 16, 30] |         4 |       203 |       207 |       205 |       213 |       204 |      20.6 |     12610 |    278762",30,6,4,2.0,3,0.291667,2,11.666667,9.689628,30,0,2.0,0.857143
39,g2,"[0, 4, 8, 12, 16, 30]",8,6,3,23.2,spin9-output.txt,"42/144 |        g2 | [0, 4, 8, 12, 16, 30] |         8 |       232 |       236 |       232 |       231 |       228 |      23.2 |     12406 |    276034",30,6,8,3.0,3,0.291667,2,11.666667,9.689628,30,0,2.0,0.857143
40,stag,"[0, 0, 0, 10, 20, 30]",1,6,3,50.3,spin9-output.txt,"42/144 |      stag | [0, 0, 0, 10, 20, 30] |         1 |       509 |       503 |       499 |       499 |       503 |      50.3 |     16250 |    446416",30,6,1,0.0,3,0.291667,3,10.0,11.547005,30,0,2.0,0.857143
41,stag,"[0, 0, 0, 10, 20, 30]",2,6,3,50.8,spin9-output.txt,"42/144 |      stag | [0, 0, 0, 10, 20, 30] |         2 |       511 |       519 |       511 |       491 |       509 |      50.8 |     16938 |    535324",30,6,2,1.0,3,0.291667,3,10.0,11.547005,30,0,2.0,0.857143
42,stag,"[0, 0, 0, 10, 20, 30]",4,6,3,42.4,spin9-output.txt,"42/144 |      stag | [0, 0, 0, 10, 20, 30] |         4 |       416 |       426 |       425 |       435 |       418 |      42.4 |     16761 |    387468",30,6,4,2.0,3,0.291667,3,10.0,11.547005,30,0,2.0,0.857143
43,stag,"[0, 0, 0, 10, 20, 30]",8,6,3,44.6,spin9-output.txt,"42/144 |      stag | [0, 0, 0, 10, 20, 30] |         8 |       441 |       440 |       450 |       448 |       452 |      44.6 |     16538 |    385841",30,6,8,3.0,3,0.291667,3,10.0,11.547005,30,0,2.0,0.857143
44,q4_2,"[0, 0, 0, 0, 30, 30]",1,6,3,45.4,spin9-output.txt;spin5-output.txt,"48/144 |      q4_2 | [0, 0, 0, 0, 30, 30] |         1 |       461 |       468 |       448 |       446 |       449 |      45.4 |     17820 |    584323",30,6,1,0.0,3,0.333333,4,10.0,14.142136,30,0,2.0,0.857143
45,q4_2,"[0, 0, 0, 0, 30, 30]",2,6,3,53.4,spin9-output.txt;spin5-output.txt,"48/144 |      q4_2 | [0, 0, 0, 0, 30, 30] |         2 |       534 |       557 |       559 |       507 |       515 |      53.4 |     15970 |    668761",30,6,2,1.0,3,0.333333,4,10.0,14.142136,30,0,2.0,0.857143
46,q4_2,"[0, 0, 0, 0, 30, 30]",4,6,3,45.4,spin9-output.txt,"48/144 |      q4_2 | [0, 0, 0, 0, 30, 30] |         4 |       449 |       457 |       452 |       460 |       453 |      45.4 |     19502 |    510183",30,6,4,2.0,3,0.333333,4,10.0,14.142136,30,0,2.0,0.857143
47,q4_2,"[0, 0, 0, 0, 30, 30]",8,6,3,47.9,spin9-output.txt,"48/144 |      q4_2 | [0, 0, 0, 0, 30, 30] |         8 |       484 |       480 |       471 |       483 |       477 |      47.9 |     19018 |    503999",30,6,8,3.0,3,0.333333,4,10.0,14.142136,30,0,2.0,0.857143
48,d20,"[0, 0, 0, 20, 20, 30]",1,6,3,50.2,spin9-output.txt,"52/144 |       d20 | [0, 0, 0, 20, 20, 30] |         1 |       506 |       506 |       501 |       504 |       494 |      50.2 |     15269 |    499092",30,6,1,0.0,3,0.361111,3,11.666667,12.133516,30,0,2.0,0.857143
49,d20,"[0, 0, 0, 20, 20, 30]",2,6,3,41.0,spin9-output.txt,"52/144 |       d20 | [0, 0, 0, 20, 20, 30] |         2 |       416 |       431 |       422 |       392 |       388 |      41.0 |     17992 |    570819",30,6,2,1.0,3,0.361111,3,11.666667,12.133516,30,0,2.0,0.857143
50,d20,"[0, 0, 0, 20, 20, 30]",4,6,3,35.8,spin9-output.txt,"52/144 |       d20 | [0, 0, 0, 20, 20, 30] |         4 |       355 |       357 |       363 |       356 |       360 |      35.8 |     18384 |    435818",30,6,4,2.0,3,0.361111,3,11.666667,12.133516,30,0,2.0,0.857143
51,d20,"[0, 0, 0, 20, 20, 30]",8,6,3,37.2,spin9-output.txt,"52/144 |       d20 | [0, 0, 0, 20, 20, 30] |         8 |       365 |       366 |       369 |       381 |       380 |      37.2 |     18259 |    437124",30,6,8,3.0,3,0.361111,3,11.666667,12.133516,30,0,2.0,0.857143
52,d24,"[0, 0, 0, 24, 24, 30]",1,6,3,49.9,spin9-output.txt,"60/144 |       d24 | [0, 0, 0, 24, 24, 30] |         1 |       505 |       504 |       492 |       501 |       492 |      49.9 |     14628 |    563127",30,6,1,0.0,3,0.416667,3,13.0,13.152946,30,0,2.0,0.857143
53,d24,"[0, 0, 0, 24, 24, 30]",2,6,3,34.6,spin9-output.txt,"60/144 |       d24 | [0, 0, 0, 24, 24, 30] |         2 |       346 |       352 |       359 |       329 |       343 |      34.6 |     19276 |    692118",30,6,2,1.0,3,0.416667,3,13.0,13.152946,30,0,2.0,0.857143
54,d24,"[0, 0, 0, 24, 24, 30]",4,6,3,29.9,spin9-output.txt,"60/144 |       d24 | [0, 0, 0, 24, 24, 30] |         4 |       299 |       291 |       296 |       303 |       306 |      29.9 |     20403 |    490513",30,6,4,2.0,3,0.416667,3,13.0,13.152946,30,0,2.0,0.857143
55,d24,"[0, 0, 0, 24, 24, 30]",8,6,3,30.7,spin9-output.txt,"60/144 |       d24 | [0, 0, 0, 24, 24, 30] |         8 |       304 |       305 |       312 |       311 |       301 |      30.7 |     20252 |    490799",30,6,8,3.0,3,0.416667,3,13.0,13.152946,30,0,2.0,0.857143
56,ladder,"[0, 6, 12, 18, 24, 30]",1,6,3,26.8,spin9-output.txt;spin5-output.txt;spin4-output.txt;spin4-output.txt;spin11-output.txt,"60/144 |    ladder | [0, 6, 12, 18, 24, 30] |         1 |       264 |       253 |       266 |       281 |       274 |      26.8 |     14952 |    366275",30,6,1,0.0,3,0.416667,2,15.0,10.246951,30,0,2.0,0.857143
57,ladder,"[0, 6, 12, 18, 24, 30]",2,6,3,28.9,spin9-output.txt;spin5-output.txt;spin4-output.txt;spin4-output.txt,"60/144 |    ladder | [0, 6, 12, 18, 24, 30] |         2 |       267 |       297 |       300 |       287 |       293 |      28.9 |     16776 |    497142",30,6,2,1.0,3,0.416667,2,15.0,10.246951,30,0,2.0,0.857143
58,ladder,"[0, 6, 12, 18, 24, 30]",4,6,3,12.8,spin9-output.txt,"60/144 |    ladder | [0, 6, 12, 18, 24, 30] |         4 |       125 |       125 |       126 |       132 |       130 |      12.8 |     14773 |    321761",30,6,4,2.0,3,0.416667,2,15.0,10.246951,30,0,2.0,0.857143
59,ladder,"[0, 6, 12, 18, 24, 30]",8,6,3,14.0,spin9-output.txt;spin4-output.txt;spin4-output.txt,"60/144 |    ladder | [0, 6, 12, 18, 24, 30] |         8 |       138 |       137 |       136 |       147 |       141 |      14.0 |     14804 |    324841",30,6,8,3.0,3,0.416667,2,15.0,10.246951,30,0,2.0,0.857143
60,tri,"[0, 0, 15, 15, 30, 30]",1,6,3,30.2,spin9-output.txt;spin5-output.txt,"66/144 |       tri | [0, 0, 15, 15, 30, 30] |         1 |       299 |       280 |       293 |       315 |       325 |      30.2 |     17428 |    479496",30,6,1,0.0,3,0.458333,2,15.0,12.247449,30,0,2.0,0.857143
61,tri,"[0, 0, 15, 15, 30, 30]",2,6,3,30.2,spin9-output.txt;spin5-output.txt,"66/144 |       tri | [0, 0, 15, 15, 30, 30] |         2 |       285 |       307 |       315 |       290 |       313 |      30.2 |     18902 |    627744",30,6,2,1.0,3,0.458333,2,15.0,12.247449,30,0,2.0,0.857143
62,tri,"[0, 0, 15, 15, 30, 30]",4,6,3,15.0,spin9-output.txt,"66/144 |       tri | [0, 0, 15, 15, 30, 30] |         4 |       152 |       150 |       147 |       153 |       148 |      15.0 |     17292 |    415532",30,6,4,2.0,3,0.458333,2,15.0,12.247449,30,0,2.0,0.857143
63,tri,"[0, 0, 15, 15, 30, 30]",8,6,3,15.7,spin9-output.txt,"66/144 |       tri | [0, 0, 15, 15, 30, 30] |         8 |       156 |       152 |       154 |       165 |       157 |      15.7 |     17339 |    418254",30,6,8,3.0,3,0.458333,2,15.0,12.247449,30,0,2.0,0.857143
64,c3_3,"[0, 0, 0, 30, 30, 30]",1,6,3,49.3,spin9-output.txt;spin5-output.txt;spin5-output.txt;spin4-output.txt,"72/144 |      c3_3 | [0, 0, 0, 30, 30, 30] |         1 |       492 |       495 |       500 |       483 |       494 |      49.3 |     14746 |    655994",30,6,1,0.0,3,0.5,3,15.0,15.0,30,0,2.0,0.857143
65,c3_3,"[0, 0, 0, 30, 30, 30]",2,6,3,33.3,spin9-output.txt;spin5-output.txt;spin5-output.txt;spin4-output.txt,"72/144 |      c3_3 | [0, 0, 0, 30, 30, 30] |         2 |       332 |       322 |       345 |       354 |       312 |      33.3 |     19980 |    787604",30,6,2,1.0,3,0.5,3,15.0,15.0,30,0,2.0,0.857143
66,c3_3,"[0, 0, 0, 30, 30, 30]",4,6,3,21.7,spin9-output.txt,"72/144 |      c3_3 | [0, 0, 0, 30, 30, 30] |         4 |       219 |       217 |       216 |       214 |       221 |      21.7 |     22768 |    574951",30,6,4,2.0,3,0.5,3,15.0,15.0,30,0,2.0,0.857143
67,c3_3,"[0, 0, 0, 30, 30, 30]",8,6,3,21.7,spin9-output.txt;spin4-output.txt,"72/144 |      c3_3 | [0, 0, 0, 30, 30, 30] |         8 |       213 |       211 |       220 |       222 |       217 |      21.7 |     22735 |    575741",30,6,8,3.0,3,0.5,3,15.0,15.0,30,0,2.0,0.857143
68,g3,"[0, 8, 16, 24, 28, 30]",1,6,3,16.5,spin9-output.txt,"76/144 |        g3 | [0, 8, 16, 24, 28, 30] |         1 |       170 |       162 |       164 |       161 |       167 |      16.5 |     15630 |    410752",30,6,1,0.0,3,0.527778,1,17.666667,10.857665,30,0,2.0,0.857143
69,g3,"[0, 8, 16, 24, 28, 30]",2,6,3,26.3,spin9-output.txt,"76/144 |        g3 | [0, 8, 16, 24, 28, 30] |         2 |       255 |       258 |       268 |       271 |       261 |      26.3 |     16302 |    456408",30,6,2,1.0,3,0.527778,1,17.666667,10.857665,30,0,2.0,0.857143
70,g3,"[0, 8, 16, 24, 28, 30]",4,6,3,11.1,spin9-output.txt,"76/144 |        g3 | [0, 8, 16, 24, 28, 30] |         4 |       108 |       112 |       111 |       114 |       111 |      11.1 |     15814 |    352349",30,6,4,2.0,3,0.527778,1,17.666667,10.857665,30,0,2.0,0.857143
71,g3,"[0, 8, 16, 24, 28, 30]",8,6,3,11.7,spin9-output.txt,"76/144 |        g3 | [0, 8, 16, 24, 28, 30] |         8 |       114 |       113 |       117 |       123 |       116 |      11.7 |     15785 |    354430",30,6,8,3.0,3,0.527778,1,17.666667,10.857665,30,0,2.0,0.857143
72,b2_4,"[0, 0, 30, 30, 30, 30]",1,6,3,21.1,spin9-output.txt,"96/144 |      b2_4 | [0, 0, 30, 30, 30, 30] |         1 |       200 |       206 |       216 |       232 |       199 |      21.1 |     18130 |    574142",30,6,1,0.0,3,0.666667,2,20.0,14.142136,30,0,2.0,0.857143
73,b2_4,"[0, 0, 30, 30, 30, 30]",2,6,3,29.7,spin9-output.txt,"96/144 |      b2_4 | [0, 0, 30, 30, 30, 30] |         2 |       301 |       298 |       308 |       280 |       300 |      29.7 |     16430 |    721234",30,6,2,1.0,3,0.666667,2,20.0,14.142136,30,0,2.0,0.857143
74,b2_4,"[0, 0, 30, 30, 30, 30]",4,6,3,16.7,spin9-output.txt,"96/144 |      b2_4 | [0, 0, 30, 30, 30, 30] |         4 |       161 |       175 |       164 |       170 |       166 |      16.7 |     19042 |    501243",30,6,4,2.0,3,0.666667,2,20.0,14.142136,30,0,2.0,0.857143
75,b2_4,"[0, 0, 30, 30, 30, 30]",8,6,3,16.3,spin9-output.txt,"96/144 |      b2_4 | [0, 0, 30, 30, 30, 30] |         8 |       156 |       169 |       165 |       162 |       163 |      16.3 |     18797 |    498491",30,6,8,3.0,3,0.666667,2,20.0,14.142136,30,0,2.0,0.857143
76,l1_5,"[0, 30, 30, 30, 30, 30]",1,6,3,13.2,spin9-output.txt,"120/144 |      l1_5 | [0, 30, 30, 30, 30, 30] |         1 |       138 |       137 |       122 |       128 |       135 |      13.2 |     14879 |    396566",30,6,1,0.0,3,0.833333,1,25.0,11.18034,30,0,2.0,0.857143
77,l1_5,"[0, 30, 30, 30, 30, 30]",2,6,3,18.2,spin9-output.txt,"120/144 |      l1_5 | [0, 30, 30, 30, 30, 30] |         2 |       181 |       177 |       185 |       177 |       188 |      18.2 |     17045 |    612985",30,6,2,1.0,3,0.833333,1,25.0,11.18034,30,0,2.0,0.857143
78,l1_5,"[0, 30, 30, 30, 30, 30]",4,6,3,9.6,spin9-output.txt,"120/144 |      l1_5 | [0, 30, 30, 30, 30, 30] |         4 |        93 |        91 |       103 |        96 |        97 |       9.6 |     13227 |    344327",30,6,4,2.0,3,0.833333,1,25.0,11.18034,30,0,2.0,0.857143
79,l1_5,"[0, 30, 30, 30, 30, 30]",8,6,3,10.2,spin9-output.txt,"120/144 |      l1_5 | [0, 30, 30, 30, 30, 30] |         8 |       101 |        99 |       104 |       105 |       103 |      10.2 |     13071 |    345733",30,6,8,3.0,3,0.833333,1,25.0,11.18034,30,0,2.0,0.857143
80,ladder,"[0, 3, 6, 9, 12, 15]",1,6,3,71.5,spin5-output.txt;spin4-output.txt,"15 |   ladder | [0, 3, 6, 9, 12, 15] |        1 |      709 |      713 |      721 |      714 |      717 |     71.5 |     36.4 |     5792 |   106378 |        4 |      350 |      313 |       57",15,6,1,0.0,3,0.125,3,7.5,5.123475,15,0,1.0,0.857143
81,ladder,"[0, 3, 6, 9, 12, 15]",2,6,3,60.0,spin5-output.txt;spin4-output.txt,"15 |   ladder | [0, 3, 6, 9, 12, 15] |        2 |      603 |      623 |      599 |      591 |      586 |     60.0 |     24.9 |     9481 |   259758 |      112 |      565 |      491 |      245",15,6,2,1.0,3,0.125,3,7.5,5.123475,15,0,1.0,0.857143
82,cohort,"[0, 0, 0, 15, 15, 15]",1,6,3,57.1,spin5-output.txt;spin5-output.txt;spin4-output.txt,"15 |   cohort | [0, 0, 0, 15, 15, 15] |        1 |      572 |      572 |      571 |      569 |      573 |     57.1 |     14.0 |    12625 |   299487 |        0 |     1000 |       18 |       11",15,6,1,0.0,3,0.1875,3,7.5,7.5,15,0,1.0,0.857143
83,cohort,"[0, 0, 0, 15, 15, 15]",2,6,3,41.8,spin5-output.txt;spin5-output.txt;spin4-output.txt,"15 |   cohort | [0, 0, 0, 15, 15, 15] |        2 |      423 |      425 |      421 |      388 |      434 |     41.8 |     10.5 |    17158 |   563178 |      160 |     1000 |      599 |      642",15,6,2,1.0,3,0.1875,3,7.5,7.5,15,0,1.0,0.857143
84,tri,"[0, 0, 7, 7, 15, 15]",1,6,3,64.6,spin5-output.txt,"15 |      tri | [0, 0, 7, 7, 15, 15] |        1 |      642 |      640 |      650 |      648 |      649 |     64.6 |     26.4 |     9165 |   181964 |        3 |     1000 |      194 |      177",15,6,1,0.0,3,0.138889,2,7.333333,6.128259,15,0,1.0,0.857143
85,tri,"[0, 0, 7, 7, 15, 15]",2,6,3,59.4,spin5-output.txt,"15 |      tri | [0, 0, 7, 7, 15, 15] |        2 |      585 |      608 |      583 |      582 |      610 |     59.4 |     21.6 |    11610 |   273208 |      103 |     1000 |      430 |      466",15,6,2,1.0,3,0.138889,2,7.333333,6.128259,15,0,1.0,0.857143
86,quart,"[0, 0, 0, 0, 15, 15]",1,6,3,62.6,spin5-output.txt,"15 |    quart | [0, 0, 0, 0, 15, 15] |        1 |      625 |      627 |      625 |      629 |      624 |     62.6 |     25.2 |    12145 |   265356 |        1 |     1000 |      118 |      130",15,6,1,0.0,3,0.125,4,5.0,7.071068,15,0,1.0,0.857143
87,quart,"[0, 0, 0, 0, 15, 15]",2,6,3,56.1,spin5-output.txt,"15 |    quart | [0, 0, 0, 0, 15, 15] |        2 |      570 |      584 |      578 |      518 |      557 |     56.1 |      8.1 |    14997 |   469400 |      209 |     1000 |      479 |      515",15,6,2,1.0,3,0.125,4,5.0,7.071068,15,0,1.0,0.857143
88,outlier,"[0, 0, 0, 0, 0, 15]",1,6,3,74.1,spin5-output.txt,"15 |  outlier | [0, 0, 0, 0, 0, 15] |        1 |      742 |      743 |      753 |      741 |      728 |     74.1 |     24.7 |    11211 |   240604 |        0 |      414 |      457 |      179",15,6,1,0.0,3,0.0625,5,2.5,5.59017,15,0,1.0,0.857143
89,outlier,"[0, 0, 0, 0, 0, 15]",2,6,3,50.6,spin5-output.txt,"15 |  outlier | [0, 0, 0, 0, 0, 15] |        2 |      528 |      506 |      514 |      486 |      496 |     50.6 |      9.7 |    15728 |   495895 |       34 |      564 |      542 |      282",15,6,2,1.0,3,0.0625,5,2.5,5.59017,15,0,1.0,0.857143
90,zero,"[0, 0, 0, 0, 0, 0]",1,6,3,77.3,spin5-output.txt;spin5-output.txt;spin4-output.txt;spin4-output.txt,"15 |     zero | [0, 0, 0, 0, 0, 0] |        1 |      791 |      755 |      775 |      780 |      762 |     77.3 |     77.3 |     8756 |   187834 |        0 |     1000 |      694 |      694",0,6,1,0.0,3,0.0,6,0.0,0.0,0,0,0.0,0.857143
91,zero,"[0, 0, 0, 0, 0, 0]",2,6,3,50.0,spin5-output.txt;spin5-output.txt;spin4-output.txt;spin4-output.txt,"15 |     zero | [0, 0, 0, 0, 0, 0] |        2 |      523 |      521 |      505 |      453 |      496 |     50.0 |     50.0 |    15133 |   511660 |       17 |     1000 |      547 |      547",0,6,2,1.0,3,0.0,6,0.0,0.0,0,0,0.0,0.857143
92,ladder@0,"[0, 0, 0, 0, 0, 0]",8,6,3,69.0,spin4-output.txt;spin4-output.txt,0 |        8 |   ladder |      686 |      689 |      703 |      681 |      691 |     69.0 |     69.0 |     9964 |   195470 |      806,0,6,8,3.0,3,0.0,6,0.0,0.0,0,0,0.0,0.857143
93,ladder@5,"[0, 1, 2, 3, 4, 5]",1,6,3,97.6,spin4-output.txt,5 |        1 |   ladder |      970 |      980 |      977 |      977 |      974 |     97.6 |     96.4 |     2598 |    43929 |        3,5,6,1,0.0,3,0.0,6,2.5,1.707825,5,0,0.333333,0.857143
94,cohort@5,"[0, 0, 0, 5, 5, 5]",1,6,3,99.0,spin4-output.txt,5 |        1 |   cohort |      991 |      991 |      989 |      991 |      987 |     99.0 |     97.7 |     2493 |    45644 |        0,5,6,1,0.0,3,0.0,6,2.5,2.5,5,0,0.333333,0.857143
95,ladder@5,"[0, 1, 2, 3, 4, 5]",2,6,3,84.9,spin4-output.txt,5 |        2 |   ladder |      870 |      876 |      852 |      838 |      807 |     84.9 |     80.5 |     5773 |   147001 |        8,5,6,2,1.0,3,0.0,6,2.5,1.707825,5,0,0.333333,0.857143
96,cohort@5,"[0, 0, 0, 5, 5, 5]",2,6,3,77.1,spin4-output.txt,5 |        2 |   cohort |      750 |      783 |      768 |      758 |      796 |     77.1 |     69.8 |     8278 |   241738 |       22,5,6,2,1.0,3,0.0,6,2.5,2.5,5,0,0.333333,0.857143
97,ladder@5,"[0, 1, 2, 3, 4, 5]",8,6,3,90.2,spin4-output.txt,5 |        8 |   ladder |      908 |      893 |      903 |      908 |      896 |     90.2 |     80.4 |     4172 |    71893 |      204,5,6,8,3.0,3,0.0,6,2.5,1.707825,5,0,0.333333,0.857143
98,cohort@5,"[0, 0, 0, 5, 5, 5]",8,6,3,88.8,spin4-output.txt,5 |        8 |   cohort |      891 |      888 |      883 |      881 |      896 |     88.8 |     77.3 |     5023 |    90356 |      695,5,6,8,3.0,3,0.0,6,2.5,2.5,5,0,0.333333,0.857143
99,ladder@10,"[0, 2, 4, 6, 8, 10]",1,6,3,93.5,spin4-output.txt,10 |        1 |   ladder |      931 |      931 |      940 |      930 |      942 |     93.5 |     92.3 |     3805 |    89075 |        1,10,6,1,0.0,3,0.041667,4,5.0,3.41565,10,0,0.666667,0.857143
100,cohort@10,"[0, 0, 0, 10, 10, 10]",1,6,3,75.9,spin4-output.txt,10 |        1 |   cohort |      771 |      760 |      762 |      756 |      748 |     75.9 |     53.5 |     8426 |   205817 |        0,10,6,1,0.0,3,0.083333,3,5.0,5.0,10,0,0.666667,0.857143
101,ladder@10,"[0, 2, 4, 6, 8, 10]",2,6,3,89.7,spin4-output.txt,10 |        2 |   ladder |      918 |      891 |      913 |      898 |      867 |     89.7 |     81.5 |     4235 |   103869 |       30,10,6,2,1.0,3,0.041667,4,5.0,3.41565,10,0,0.666667,0.857143
102,cohort@10,"[0, 0, 0, 10, 10, 10]",2,6,3,69.4,spin4-output.txt,10 |        2 |   cohort |      717 |      705 |      668 |      694 |      688 |     69.4 |     43.0 |    10381 |   242959 |       55,10,6,2,1.0,3,0.083333,3,5.0,5.0,10,0,0.666667,0.857143
103,ladder@10,"[0, 2, 4, 6, 8, 10]",8,6,3,90.8,spin4-output.txt,10 |        8 |   ladder |      908 |      902 |      918 |      908 |      905 |     90.8 |     76.5 |     3463 |    60909 |      352,10,6,8,3.0,3,0.041667,4,5.0,3.41565,10,0,0.666667,0.857143
104,cohort@10,"[0, 0, 0, 10, 10, 10]",8,6,3,82.6,spin4-output.txt,10 |        8 |   cohort |      829 |      823 |      829 |      829 |      822 |     82.6 |     58.3 |     7589 |   138405 |      602,10,6,8,3.0,3,0.083333,3,5.0,5.0,10,0,0.666667,0.857143
105,ladder@15,"[0, 3, 6, 9, 12, 15]",8,6,3,70.7,spin4-output.txt,15 |        8 |   ladder |      705 |      710 |      709 |      714 |      697 |     70.7 |     26.7 |     6265 |   114005 |      255,15,6,8,3.0,3,0.125,3,7.5,5.123475,15,0,1.0,0.857143
106,cohort@15,"[0, 0, 0, 15, 15, 15]",8,6,3,61.4,spin4-output.txt,15 |        8 |   cohort |      617 |      614 |      612 |      612 |      617 |     61.4 |     17.5 |    12839 |   263156 |      249,15,6,8,3.0,3,0.1875,3,7.5,7.5,15,0,1.0,0.857143
107,ladder@20,"[0, 4, 8, 12, 16, 20]",1,6,3,49.2,spin4-output.txt,20 |        1 |   ladder |      490 |      481 |      497 |      498 |      496 |     49.2 |     20.1 |    10028 |   213323 |      480,20,6,1,0.0,3,0.222222,2,10.0,6.831301,20,0,1.333333,0.857143
108,cohort@20,"[0, 0, 0, 20, 20, 20]",1,6,3,49.3,spin4-output.txt,20 |        1 |   cohort |      499 |      494 |      485 |      503 |      484 |     49.3 |      6.0 |    14756 |   476472 |        0,20,6,1,0.0,3,0.291667,3,10.0,10.0,20,0,1.333333,0.857143
109,ladder@20,"[0, 4, 8, 12, 16, 20]",2,6,3,47.7,spin4-output.txt,20 |        2 |   ladder |      476 |      479 |      474 |      480 |      475 |     47.7 |     13.3 |    10840 |   228524 |       88,20,6,2,1.0,3,0.222222,2,10.0,6.831301,20,0,1.333333,0.857143
110,cohort@20,"[0, 0, 0, 20, 20, 20]",2,6,3,38.5,spin4-output.txt,20 |        2 |   cohort |      390 |      386 |      385 |      378 |      387 |     38.5 |      6.2 |    17858 |   536993 |      159,20,6,2,1.0,3,0.291667,3,10.0,10.0,20,0,1.333333,0.857143
111,ladder@20,"[0, 4, 8, 12, 16, 20]",8,6,3,43.2,spin4-output.txt,20 |        8 |   ladder |      430 |      427 |      428 |      433 |      440 |     43.2 |     12.6 |     9774 |   186522 |      214,20,6,8,3.0,3,0.222222,2,10.0,6.831301,20,0,1.333333,0.857143
112,cohort@20,"[0, 0, 0, 20, 20, 20]",8,6,3,47.3,spin4-output.txt,20 |        8 |   cohort |      476 |      473 |      473 |      473 |      469 |     47.3 |      8.9 |    16591 |   369252 |      252,20,6,8,3.0,3,0.291667,3,10.0,10.0,20,0,1.333333,0.857143
113,ladder@30,"[0, 30]",1,2,3,12.4,spin4-output.txt;spin11-output.txt,"2 |        1 |  [0, 30] |     12.4 |     10.6 |     8245 |   192533",30,2,1,0.0,3,0.5,1,15.0,15.0,30,0,2.0,0.285714
114,ladder@30,"[0, 30]",2,2,3,14.5,spin4-output.txt,"2 |        2 |  [0, 30] |     14.5 |      9.9 |     8192 |   192284",30,2,2,1.0,3,0.5,1,15.0,15.0,30,0,2.0,0.285714
115,ladder@30,"[0, 30]",8,2,3,14.1,spin4-output.txt,"2 |        8 |  [0, 30] |     14.1 |      8.6 |     8172 |   192272",30,2,8,3.0,3,0.5,1,15.0,15.0,30,0,2.0,0.285714
116,ladder@30,"[0, 15, 30]",1,3,3,10.0,spin4-output.txt;spin11-output.txt,"3 |        1 | [0, 15, 30] |     10.0 |      5.8 |     8743 |   204296",30,3,1,0.0,3,0.458333,1,15.0,12.247449,30,0,2.0,0.428571
117,ladder@30,"[0, 15, 30]",2,3,3,12.4,spin4-output.txt,"3 |        2 | [0, 15, 30] |     12.4 |      4.7 |     8699 |   204501",30,3,2,1.0,3,0.458333,1,15.0,12.247449,30,0,2.0,0.428571
118,ladder@30,"[0, 15, 30]",8,3,3,12.7,spin4-output.txt,"3 |        8 | [0, 15, 30] |     12.7 |      4.1 |     8665 |   204158",30,3,8,3.0,3,0.458333,1,15.0,12.247449,30,0,2.0,0.428571
119,ladder30@pd1,"[0, 30]",1,2,1,4.2,spin11-output.txt,pd=1 N=2 true12=4.2,30,2,1,0.0,1,0.5,1,15.0,15.0,30,0,2.0,0.666667
120,ladder30@pd1,"[0, 15, 30]",1,3,1,0.1,spin11-output.txt,pd=1 N=3 true12=0.1,30,3,1,0.0,1,0.458333,1,15.0,12.247449,30,0,2.0,1.0
121,ladder30@pd1,"[0, 10, 20, 30]",1,4,1,0.1,spin11-output.txt,pd=1 N=4 true12=0.1,30,4,1,0.0,1,0.4375,1,15.0,11.18034,30,0,2.0,1.333333
122,ladder30@pd1,"[0, 8, 15, 22, 30]",1,5,1,0.1,spin11-output.txt,pd=1 N=5 true12=0.1,30,5,1,0.0,1,0.425,1,15.0,10.469002,30,0,2.0,1.666667
123,ladder30@pd1,"[0, 6, 12, 18, 24, 30]",1,6,1,0.1,spin11-output.txt,pd=1 N=6 true12=0.1,30,6,1,0.0,1,0.416667,2,15.0,10.246951,30,0,2.0,2.0
124,ladder30@pd1,"[0, 5, 10, 15, 20, 25, 30]",1,7,1,0.1,spin11-output.txt,pd=1 N=7 true12=0.1,30,7,1,0.0,1,0.416667,2,15.0,10.0,30,0,2.0,2.333333
125,ladder30@pd1,"[0, 4, 9, 13, 17, 21, 26, 30]",1,8,1,0.1,spin11-output.txt,pd=1 N=8 true12=0.1,30,8,1,0.0,1,0.416667,2,15.0,9.823441,30,0,2.0,2.666667
126,ladder30@pd1,"[0, 3, 5, 8, 11, 14, 16, 19, 22, 25, 27, 30]",1,12,1,0.1,spin11-output.txt,pd=1 N=12 true12=0.1,30,12,1,0.0,1,0.409722,3,15.0,9.44281,30,0,2.0,4.0
127,ladder30@pd1,"[0, 2, 5, 8, 10, 12, 15, 18, 20, 22, 25, 28, 30]",1,13,1,0.1,spin11-output.txt,pd=1 N=13 true12=0.1,30,13,1,0.0,1,0.410256,3,15.0,9.421742,30,0,2.0,4.333333
128,ladder30@pd1,"[0, 1, 3, 4, 5, 7, 8, 9, 10, 12, 13, 14, 16, 17, 18, 20, 21, 22, 23, 25, 26, 27, 29, 30]",1,24,1,0.1,spin11-output.txt,pd=1 N=24 true12=0.1,30,24,1,0.0,1,0.404514,5,15.0,9.009255,30,0,2.0,8.0
129,ladder30@pd1,"[0, 1, 2, 4, 5, 6, 8, 9, 10, 11, 12, 14, 15, 16, 18, 19, 20, 21, 22, 24, 25, 26, 28, 29, 30]",1,25,1,0.1,spin11-output.txt,pd=1 N=25 true12=0.1,30,25,1,0.0,1,0.405,6,15.0,9.068627,30,0,2.0,8.333333
130,ladder30@pd2,"[0, 30]",1,2,2,15.3,spin11-output.txt,pd=2 N=2 true12=15.3,30,2,1,0.0,2,0.5,1,15.0,15.0,30,0,2.0,0.4
131,ladder30@pd2,"[0, 15, 30]",1,3,2,12.9,spin11-output.txt,pd=2 N=3 true12=12.9,30,3,1,0.0,2,0.458333,1,15.0,12.247449,30,0,2.0,0.6
132,ladder30@pd2,"[0, 10, 20, 30]",1,4,2,32.6,spin11-output.txt,pd=2 N=4 true12=32.6,30,4,1,0.0,2,0.4375,1,15.0,11.18034,30,0,2.0,0.8
133,ladder30@pd2,"[0, 8, 15, 22, 30]",1,5,2,0.2,spin11-output.txt,pd=2 N=5 true12=0.2,30,5,1,0.0,2,0.425,1,15.0,10.469002,30,0,2.0,1.0
134,ladder30@pd2,"[0, 6, 12, 18, 24, 30]",1,6,2,0.2,spin11-output.txt,pd=2 N=6 true12=0.2,30,6,1,0.0,2,0.416667,2,15.0,10.246951,30,0,2.0,1.2
135,ladder30@pd2,"[0, 5, 10, 15, 20, 25, 30]",1,7,2,0.1,spin11-output.txt,pd=2 N=7 true12=0.1,30,7,1,0.0,2,0.416667,2,15.0,10.0,30,0,2.0,1.4
136,ladder30@pd2,"[0, 4, 9, 13, 17, 21, 26, 30]",1,8,2,0.1,spin11-output.txt,pd=2 N=8 true12=0.1,30,8,1,0.0,2,0.416667,2,15.0,9.823441,30,0,2.0,1.6
137,ladder30@pd2,"[0, 3, 5, 8, 11, 14, 16, 19, 22, 25, 27, 30]",1,12,2,0.1,spin11-output.txt,pd=2 N=12 true12=0.1,30,12,1,0.0,2,0.409722,3,15.0,9.44281,30,0,2.0,2.4
138,ladder30@pd2,"[0, 2, 5, 8, 10, 12, 15, 18, 20, 22, 25, 28, 30]",1,13,2,0.1,spin11-output.txt,pd=2 N=13 true12=0.1,30,13,1,0.0,2,0.410256,3,15.0,9.421742,30,0,2.0,2.6
139,ladder30@pd2,"[0, 1, 3, 4, 5, 7, 8, 9, 10, 12, 13, 14, 16, 17, 18, 20, 21, 22, 23, 25, 26, 27, 29, 30]",1,24,2,0.1,spin11-output.txt,pd=2 N=24 true12=0.1,30,24,1,0.0,2,0.404514,5,15.0,9.009255,30,0,2.0,4.8
140,ladder30@pd2,"[0, 1, 2, 4, 5, 6, 8, 9, 10, 11, 12, 14, 15, 16, 18, 19, 20, 21, 22, 24, 25, 26, 28, 29, 30]",1,25,2,0.1,spin11-output.txt,pd=2 N=25 true12=0.1,30,25,1,0.0,2,0.405,6,15.0,9.068627,30,0,2.0,5.0
141,ladder30@pd3,"[0, 10, 20, 30]",1,4,3,10.5,spin11-output.txt,pd=3 N=4 true12=10.5,30,4,1,0.0,3,0.4375,1,15.0,11.18034,30,0,2.0,0.571429
142,ladder30@pd3,"[0, 8, 15, 22, 30]",1,5,3,11.9,spin11-output.txt,pd=3 N=5 true12=11.9,30,5,1,0.0,3,0.425,1,15.0,10.469002,30,0,2.0,0.714286
143,ladder30@pd3,"[0, 5, 10, 15, 20, 25, 30]",1,7,3,0.3,spin11-output.txt,pd=3 N=7 true12=0.3,30,7,1,0.0,3,0.416667,2,15.0,10.0,30,0,2.0,1.0
144,ladder30@pd3,"[0, 4, 9, 13, 17, 21, 26, 30]",1,8,3,0.2,spin11-output.txt,pd=3 N=8 true12=0.2,30,8,1,0.0,3,0.416667,2,15.0,9.823441,30,0,2.0,1.142857
145,ladder30@pd3,"[0, 3, 5, 8, 11, 14, 16, 19, 22, 25, 27, 30]",1,12,3,0.1,spin11-output.txt,pd=3 N=12 true12=0.1,30,12,1,0.0,3,0.409722,3,15.0,9.44281,30,0,2.0,1.714286
146,ladder30@pd3,"[0, 2, 5, 8, 10, 12, 15, 18, 20, 22, 25, 28, 30]",1,13,3,0.1,spin11-output.txt,pd=3 N=13 true12=0.1,30,13,1,0.0,3,0.410256,3,15.0,9.421742,30,0,2.0,1.857143
147,ladder30@pd3,"[0, 1, 3, 4, 5, 7, 8, 9, 10, 12, 13, 14, 16, 17, 18, 20, 21, 22, 23, 25, 26, 27, 29, 30]",1,24,3,0.1,spin11-output.txt,pd=3 N=24 true12=0.1,30,24,1,0.0,3,0.404514,5,15.0,9.009255,30,0,2.0,3.428571
148,ladder30@pd3,"[0, 1, 2, 4, 5, 6, 8, 9, 10, 11, 12, 14, 15, 16, 18, 19, 20, 21, 22, 24, 25, 26, 28, 29, 30]",1,25,3,0.1,spin11-output.txt,pd=3 N=25 true12=0.1,30,25,1,0.0,3,0.405,6,15.0,9.068627,30,0,2.0,3.571429
149,ladder30@pd6,"[0, 30]",1,2,6,9.6,spin11-output.txt,pd=6 N=2 true12=9.6,30,2,1,0.0,6,0.5,1,15.0,15.0,30,0,2.0,0.153846
150,ladder30@pd6,"[0, 15, 30]",1,3,6,8.4,spin11-output.txt,pd=6 N=3 true12=8.4,30,3,1,0.0,6,0.458333,1,15.0,12.247449,30,0,2.0,0.230769
151,ladder30@pd6,"[0, 10, 20, 30]",1,4,6,8.5,spin11-output.txt,pd=6 N=4 true12=8.5,30,4,1,0.0,6,0.4375,1,15.0,11.18034,30,0,2.0,0.307692
152,ladder30@pd6,"[0, 8, 15, 22, 30]",1,5,6,8.3,spin11-output.txt,pd=6 N=5 true12=8.3,30,5,1,0.0,6,0.425,1,15.0,10.469002,30,0,2.0,0.384615
153,ladder30@pd6,"[0, 6, 12, 18, 24, 30]",1,6,6,8.4,spin11-output.txt,pd=6 N=6 true12=8.4,30,6,1,0.0,6,0.416667,2,15.0,10.246951,30,0,2.0,0.461538
154,ladder30@pd6,"[0, 5, 10, 15, 20, 25, 30]",1,7,6,8.1,spin11-output.txt,pd=6 N=7 true12=8.1,30,7,1,0.0,6,0.416667,2,15.0,10.0,30,0,2.0,0.538462
155,ladder30@pd6,"[0, 4, 9, 13, 17, 21, 26, 30]",1,8,6,7.9,spin11-output.txt,pd=6 N=8 true12=7.9,30,8,1,0.0,6,0.416667,2,15.0,9.823441,30,0,2.0,0.615385
156,ladder30@pd6,"[0, 3, 5, 8, 11, 14, 16, 19, 22, 25, 27, 30]",1,12,6,13.3,spin11-output.txt,pd=6 N=12 true12=13.3,30,12,1,0.0,6,0.409722,3,15.0,9.44281,30,0,2.0,0.923077
157,ladder30@pd6,"[0, 2, 5, 8, 10, 12, 15, 18, 20, 22, 25, 28, 30]",1,13,6,2.3,spin11-output.txt,pd=6 N=13 true12=2.3,30,13,1,0.0,6,0.410256,3,15.0,9.421742,30,0,2.0,1.0
158,ladder30@pd6,"[0, 1, 3, 4, 5, 7, 8, 9, 10, 12, 13, 14, 16, 17, 18, 20, 21, 22, 23, 25, 26, 27, 29, 30]",1,24,6,0.1,spin11-output.txt,pd=6 N=24 true12=0.1,30,24,1,0.0,6,0.404514,5,15.0,9.009255,30,0,2.0,1.846154
159,ladder30@pd6,"[0, 1, 2, 4, 5, 6, 8, 9, 10, 11, 12, 14, 15, 16, 18, 19, 20, 21, 22, 24, 25, 26, 28, 29, 30]",1,25,6,0.1,spin11-output.txt,pd=6 N=25 true12=0.1,30,25,1,0.0,6,0.405,6,15.0,9.068627,30,0,2.0,1.923077
160,ladder30@pd12,"[0, 30]",1,2,12,9.4,spin11-output.txt,pd=12 N=2 true12=9.4,30,2,1,0.0,12,0.5,1,15.0,15.0,30,0,2.0,0.08
161,ladder30@pd12,"[0, 15, 30]",1,3,12,8.7,spin11-output.txt,pd=12 N=3 true12=8.7,30,3,1,0.0,12,0.458333,1,15.0,12.247449,30,0,2.0,0.12
162,ladder30@pd12,"[0, 10, 20, 30]",1,4,12,8.7,spin11-output.txt,pd=12 N=4 true12=8.7,30,4,1,0.0,12,0.4375,1,15.0,11.18034,30,0,2.0,0.16
163,ladder30@pd12,"[0, 8, 15, 22, 30]",1,5,12,8.7,spin11-output.txt,pd=12 N=5 true12=8.7,30,5,1,0.0,12,0.425,1,15.0,10.469002,30,0,2.0,0.2
164,ladder30@pd12,"[0, 6, 12, 18, 24, 30]",1,6,12,8.4,spin11-output.txt,pd=12 N=6 true12=8.4,30,6,1,0.0,12,0.416667,2,15.0,10.246951,30,0,2.0,0.24
165,ladder30@pd12,"[0, 5, 10, 15, 20, 25, 30]",1,7,12,8.5,spin11-output.txt,pd=12 N=7 true12=8.5,30,7,1,0.0,12,0.416667,2,15.0,10.0,30,0,2.0,0.28
166,ladder30@pd12,"[0, 4, 9, 13, 17, 21, 26, 30]",1,8,12,8.4,spin11-output.txt,pd=12 N=8 true12=8.4,30,8,1,0.0,12,0.416667,2,15.0,9.823441,30,0,2.0,0.32
167,ladder30@pd12,"[0, 3, 5, 8, 11, 14, 16, 19, 22, 25, 27, 30]",1,12,12,7.8,spin11-output.txt,pd=12 N=12 true12=7.8,30,12,1,0.0,12,0.409722,3,15.0,9.44281,30,0,2.0,0.48
168,ladder30@pd12,"[0, 2, 5, 8, 10, 12, 15, 18, 20, 22, 25, 28, 30]",1,13,12,7.7,spin11-output.txt,pd=12 N=13 true12=7.7,30,13,1,0.0,12,0.410256,3,15.0,9.421742,30,0,2.0,0.52
169,ladder30@pd12,"[0, 1, 3, 4, 5, 7, 8, 9, 10, 12, 13, 14, 16, 17, 18, 20, 21, 22, 23, 25, 26, 27, 29, 30]",1,24,12,7.8,spin11-output.txt,pd=12 N=24 true12=7.8,30,24,1,0.0,12,0.404514,5,15.0,9.009255,30,0,2.0,0.96
170,ladder30@pd12,"[0, 1, 2, 4, 5, 6, 8, 9, 10, 11, 12, 14, 15, 16, 18, 19, 20, 21, 22, 24, 25, 26, 28, 29, 30]",1,25,12,8.0,spin11-output.txt,pd=12 N=25 true12=8.0,30,25,1,0.0,12,0.405,6,15.0,9.068627,30,0,2.0,1.0
